name,email,mobile,configuration,budget,possession,city,status
Sachin Tendulkar,sachin.t@gmail.com,918149124976,2 BHK,70-80 lac,Before 6 Month,Pune,CLAIMED
Ramesh Powar,ramesh.p@gmail.com,918149124976,2 BHK,70-80 lac,Before 6 Month,Pune,CLAIMED
Zaheer khan,zaheer@gmail.com,918149124976,2 BHK,70-80 lac,Before 6 Month,Pune,CLAIMED
Mohammad kaif,m.kaif@gmail.com,918149124976,2 BHK,70-80 lac,Before 6 Month,Pune,CLAIMED
Harish,harish@gmail.com,918149124976,2 BHK,70-80 lac,Before 6 Month,Pune,CLAIMED
Saurav Ganguly,saurav.g@gmail.com,918149124976,2 BHK,70-80 lac,Before 6 Month,Pune,CLAIMED
Rahul Dravid,rahul.dravid@gmail.com,918149124976,2 BHK,70-80 lac,Before 6 Month,Pune,CLAIMED
L Balaji,l.balaji@gmail.com,918149124976,2 BHK,70-80 lac,Before 6 Month,Pune,CLAIMED
Naina talwar,naina@gmail.com,918149124976,2 BHK,70-80 lac,Before 6 Month,Pune,CLAIMED
